ownership,area,x_cord,y_cord
Державна власність,4991.207124766964,70.64847574270065,70.64847574270065
Комунальна власність,14809.418453968126,121.69395405675718,121.69395405675718
Не визначено,21940.66114884735,148.12380345119198,148.12380345119198
Приватна власність,5263.717401854265,72.55148104521551,72.55148104521551
